Crop,Temperature,Humidity,Rainfall,Past_Infestation,Pest_Risk
Jute,44.2,67,225,0,Medium
Wheat,38.9,78,383,1,High
Maize,37.2,39,136,0,Low
Sunflower,19.6,84,16,1,Medium
Maize,28.5,57,306,1,Medium
Cotton,35.3,86,245,1,High
Maize,34.9,82,138,1,Medium
Pulses,40.9,72,47,1,Medium
Barley,25.0,69,323,0,Medium
Maize,30.8,26,215,0,Medium
Sunflower,29.6,56,127,0,Low
Rice,30.6,83,266,1,High
Wheat,30.0,20,395,0,Medium
Millet,39.5,23,168,0,Medium
Cotton,36.2,53,214,1,Medium
Soybean,24.8,25,21,0,Low
Sunflower,17.2,53,137,0,Low
Soybean,41.0,37,330,0,Medium
Sugarcane,42.0,24,303,1,Medium
Barley,24.1,54,353,0,Medium
Maize,37.6,62,232,1,Medium
Soybean,32.0,64,328,0,Medium
Rice,36.4,23,12,1,Medium
Millet,39.2,69,16,0,Medium
Rice,36.0,28,12,1,Medium
Mustard,27.8,80,282,1,High
Mustard,33.9,37,90,0,Low
Rice,39.6,91,381,1,High
Sugarcane,22.0,50,398,1,Medium
Pulses,40.5,59,293,1,Medium
Mustard,37.1,63,114,1,Medium
Barley,43.6,65,182,1,Medium
Sunflower,24.1,70,67,1,Medium
Millet,29.6,30,37,0,Low
Soybean,26.9,88,263,1,High
Millet,27.0,32,293,0,Medium
Pulses,20.1,46,323,0,Medium
Wheat,34.1,52,103,0,Low
Groundnut,15.7,82,47,0,Medium
Sunflower,31.0,83,125,1,Medium
Groundnut,21.2,77,263,1,High
Pulses,15.8,89,266,1,High
Millet,23.2,28,5,1,Medium
Wheat,32.0,42,312,1,Medium
Maize,24.5,69,299,0,Medium
Cotton,34.6,26,112,1,Medium
Barley,36.9,72,354,1,Medium
Jute,35.1,64,27,1,Medium
Maize,20.1,52,10,1,Medium
Rice,15.9,51,130,0,Low
Soybean,36.1,94,228,0,Medium
Soybean,28.0,78,71,1,Medium
Sugarcane,28.6,83,124,0,Medium
Pulses,42.5,68,128,0,Medium
Sunflower,29.8,22,151,0,Medium
Cotton,19.2,94,256,1,High
Groundnut,15.9,34,198,1,Medium
Mustard,17.5,65,174,1,Medium
Sugarcane,31.7,62,212,1,Medium
Mustard,28.2,87,96,0,Medium
Pulses,16.5,44,102,1,Medium
Pulses,44.2,30,175,0,Medium
Soybean,29.8,34,318,0,Medium
Sunflower,31.3,29,232,1,Medium
Soybean,20.1,95,312,1,High
Maize,30.5,77,190,0,Medium
Wheat,38.3,25,219,0,Medium
Groundnut,41.4,31,70,0,Low
Barley,24.9,31,320,1,Medium
Rice,42.9,74,129,1,Medium
Sugarcane,37.5,85,151,0,Medium
Groundnut,42.8,69,312,0,Medium
Soybean,33.7,92,42,1,Medium
Wheat,35.3,89,195,0,Medium
Wheat,39.7,64,91,0,Medium
Maize,39.5,81,236,1,High
Pulses,17.8,64,241,1,Medium
Soybean,25.5,38,30,1,Medium
Groundnut,28.5,50,28,1,Medium
Rice,33.0,90,216,1,High
Wheat,38.8,30,269,1,Medium
Barley,37.1,61,212,1,Medium
Groundnut,27.7,79,13,1,Medium
Cotton,40.3,31,357,0,Medium
Groundnut,23.5,25,267,1,Medium
Sunflower,16.4,90,262,0,Medium
Sugarcane,41.0,57,362,1,Medium
Maize,19.0,57,244,0,Medium
Maize,37.6,27,68,0,Low
Barley,35.1,42,248,0,Medium
Sugarcane,33.3,58,280,0,Medium
Soybean,39.6,68,398,0,Medium
Mustard,41.0,20,388,0,Medium
Wheat,32.5,79,320,1,High
Pulses,43.4,78,372,0,Medium
Mustard,25.8,77,304,0,Medium
Mustard,24.9,75,80,1,Medium
Groundnut,37.2,58,190,1,Medium
Soybean,15.6,41,41,1,Medium
Groundnut,36.6,53,270,1,Medium
Sunflower,20.9,61,364,1,Medium
Mustard,16.9,32,86,0,Low
Maize,36.5,44,367,0,Medium
Groundnut,30.9,45,64,1,Medium
Soybean,19.8,69,365,0,Medium
Groundnut,28.0,42,97,0,Low
Jute,28.0,67,175,1,Medium
Sugarcane,18.8,93,203,1,High
Barley,24.5,66,74,0,Medium
Millet,25.3,84,200,1,Medium
Rice,30.3,93,327,1,High
Jute,26.4,57,85,1,Medium
Groundnut,34.6,66,155,1,Medium
Maize,24.1,65,298,0,Medium
Cotton,45.0,57,183,0,Medium
Maize,16.3,52,132,1,Medium
Sugarcane,26.0,45,340,1,Medium
Sunflower,22.4,22,180,1,Medium
Maize,20.4,74,386,0,Medium
Sugarcane,16.3,56,286,0,Medium
Rice,36.0,52,267,1,Medium
Pulses,20.3,41,287,0,Medium
Sunflower,43.4,82,369,0,Medium
Pulses,43.1,36,392,1,Medium
Pulses,40.9,32,360,0,Medium
Soybean,33.6,75,277,0,Medium
Sugarcane,41.4,67,154,0,Medium
Mustard,21.0,83,21,0,Medium
Soybean,24.4,35,250,1,Medium
Cotton,26.7,28,373,1,Medium
Sugarcane,28.0,66,154,1,Medium
Millet,31.7,44,234,0,Medium
Maize,31.8,33,356,1,Medium
Wheat,18.4,59,389,0,Medium
Wheat,33.0,27,133,0,Low
Soybean,25.9,37,242,0,Medium
Mustard,33.8,86,16,1,Medium
Barley,16.4,35,40,0,Low
Millet,28.0,74,26,1,Medium
Jute,21.5,31,100,1,Medium
Millet,41.9,82,253,0,Medium
Sunflower,41.4,27,324,0,Medium
Millet,19.6,74,371,0,Medium
Mustard,31.7,31,256,1,Medium
Barley,25.1,63,33,1,Medium
Barley,17.6,83,378,0,Medium
Cotton,36.1,70,263,0,Medium
Rice,39.7,73,274,0,Medium
Millet,37.0,79,177,0,Medium
Sugarcane,40.4,84,329,1,High
Rice,38.8,94,285,1,High
Cotton,30.6,25,110,0,Low
Soybean,29.4,38,77,0,Low
Jute,37.3,44,381,0,Medium
Barley,41.8,92,71,0,Medium
Rice,42.1,29,367,1,Medium
Cotton,28.7,29,85,1,Medium
Maize,22.6,25,371,0,Medium
Mustard,23.1,47,311,0,Medium
Sunflower,36.0,78,92,0,Medium
Maize,29.7,42,22,1,Medium
Wheat,21.2,63,391,0,Medium
Rice,27.0,64,357,0,Medium
Barley,23.2,24,329,1,Medium
Millet,33.5,75,178,1,Medium
Sugarcane,38.3,36,26,1,Medium
Millet,20.9,60,165,1,Medium
Barley,23.4,20,272,1,Medium
Sunflower,26.7,20,300,1,Medium
Groundnut,33.8,83,45,0,Medium
Millet,21.8,51,370,1,Medium
Cotton,16.0,67,280,1,Medium
Pulses,38.2,33,58,1,Medium
Rice,38.6,33,4,1,Medium
Wheat,28.6,83,359,0,Medium
Soybean,24.7,49,399,1,Medium
Maize,44.2,92,364,1,High
Wheat,34.4,32,67,0,Low
Mustard,35.1,45,13,1,Medium
Rice,44.8,63,352,0,Medium
Rice,26.3,39,174,1,Medium
Sugarcane,18.0,75,123,0,Medium
Cotton,22.1,34,9,0,Low
Mustard,16.4,29,72,1,Medium
Barley,34.7,38,94,1,Medium
Maize,32.0,24,273,1,Medium
Jute,33.5,46,308,0,Medium
Cotton,37.6,49,170,1,Medium
Pulses,27.3,90,278,0,Medium
Soybean,18.7,83,68,0,Medium
Jute,40.4,87,197,0,Medium
Sugarcane,41.7,42,28,0,Low
Pulses,43.9,53,13,0,Low
Soybean,28.4,67,368,1,Medium
Groundnut,28.3,39,137,0,Low
Rice,40.2,24,355,1,Medium
Sugarcane,25.4,45,261,0,Medium
Groundnut,33.5,90,39,0,Medium
Millet,17.7,88,381,0,Medium
Rice,23.6,34,53,0,Low
Millet,23.1,29,216,0,Medium
Pulses,34.5,82,112,0,Medium
Jute,21.9,38,328,0,Medium
Maize,31.7,86,110,0,Medium
Jute,27.1,42,108,1,Medium
Millet,18.8,36,279,1,Medium
Sunflower,37.3,82,124,0,Medium
Mustard,15.1,27,252,1,Medium
Maize,21.2,72,37,0,Medium
Rice,22.8,46,388,0,Medium
Soybean,29.4,79,14,1,Medium
Millet,24.9,52,33,0,Low
Groundnut,39.8,41,173,1,Medium
Pulses,38.4,69,316,0,Medium
Groundnut,43.0,28,61,1,Medium
Jute,21.5,47,104,0,Low
Soybean,22.6,49,33,1,Medium
Mustard,26.0,46,379,1,Medium
Maize,27.5,29,64,1,Medium
Sugarcane,16.1,50,370,1,Medium
Rice,30.6,62,300,0,Medium
Sunflower,38.4,41,273,0,Medium
Wheat,30.1,77,345,0,Medium
Cotton,23.0,70,84,0,Medium
Cotton,30.6,49,223,0,Medium
Sugarcane,34.4,67,288,0,Medium
Cotton,24.7,32,288,0,Medium
Mustard,32.1,44,170,0,Medium
Maize,23.9,46,10,0,Low
Soybean,40.8,62,146,1,Medium
Soybean,30.5,72,265,1,Medium
Sugarcane,36.0,20,196,0,Medium
Wheat,43.1,67,230,1,Medium
Groundnut,34.8,33,128,1,Medium
Mustard,26.3,52,24,1,Medium
Jute,35.5,29,266,0,Medium
Maize,25.6,70,295,1,Medium
Sunflower,25.3,27,132,1,Medium
Pulses,43.7,78,68,0,Medium
Sunflower,28.3,25,137,1,Medium
Cotton,28.3,22,259,0,Medium
Soybean,25.5,82,192,0,Medium
Groundnut,37.3,55,1,1,Medium
Sugarcane,41.0,27,30,1,Medium
Pulses,37.8,87,337,1,High
Maize,21.6,25,353,1,Medium
Rice,42.8,85,249,0,Medium
Maize,24.3,39,305,1,Medium
Millet,29.4,50,340,1,Medium
Rice,41.7,36,294,0,Medium
Soybean,19.4,56,181,1,Medium
Sugarcane,23.3,38,375,1,Medium
Soybean,35.5,49,374,0,Medium
Pulses,42.4,61,343,1,Medium
Jute,41.0,93,142,0,Medium
Soybean,18.9,95,257,0,Medium
Pulses,32.4,51,184,1,Medium
Mustard,23.2,84,260,1,High
Wheat,32.6,65,52,1,Medium
Sunflower,29.7,41,109,0,Low
Groundnut,39.7,30,264,1,Medium
Millet,26.3,63,377,1,Medium
Groundnut,44.7,36,208,1,Medium
Pulses,28.7,95,174,0,Medium
Cotton,32.3,24,259,1,Medium
Soybean,39.9,43,50,1,Medium
Mustard,19.2,79,179,0,Medium
Cotton,22.9,47,39,1,Medium
Rice,17.9,40,305,1,Medium
Sunflower,27.3,45,104,0,Low
Pulses,22.6,44,51,1,Medium
Maize,29.0,58,97,0,Low
Mustard,20.5,31,6,1,Medium
Barley,34.9,44,20,0,Low
Wheat,40.0,72,166,1,Medium
Sugarcane,38.4,53,115,0,Low
Groundnut,28.9,28,66,1,Medium
Sunflower,21.8,44,171,1,Medium
Cotton,23.3,85,147,1,Medium
Rice,19.7,47,34,0,Low
Mustard,17.4,22,111,1,Medium
Maize,29.4,21,161,1,Medium
Wheat,16.8,40,92,1,Medium
Rice,29.4,39,329,1,Medium
Rice,15.9,54,272,0,Medium
Barley,30.8,33,18,0,Low
Soybean,37.7,73,43,1,Medium
Millet,15.1,94,330,0,Medium
Maize,31.9,39,363,1,Medium
Sugarcane,39.5,42,16,1,Medium
Barley,43.0,84,311,0,Medium
Cotton,40.6,55,56,0,Low
Pulses,16.8,73,180,1,Medium
Rice,29.2,69,103,1,Medium
Pulses,26.4,24,123,1,Medium
Mustard,42.5,37,352,0,Medium
Pulses,26.2,51,140,1,Medium
Rice,33.7,75,116,1,Medium
Cotton,30.7,53,101,0,Low
Sugarcane,20.5,75,284,0,Medium
Soybean,31.3,57,287,0,Medium
Barley,36.5,47,400,1,Medium
Rice,42.0,66,94,1,Medium
Wheat,28.6,81,346,0,Medium
Groundnut,25.8,94,141,1,Medium
Cotton,30.2,60,39,0,Low
Rice,16.0,53,123,1,Medium
Soybean,36.3,33,371,1,Medium
Cotton,30.9,63,307,0,Medium
Rice,31.6,64,243,0,Medium
Barley,38.5,91,196,0,Medium
Wheat,30.7,94,219,1,High
Barley,19.3,81,7,0,Medium
Maize,38.6,28,336,1,Medium
Mustard,36.9,81,137,0,Medium
Barley,25.8,39,139,0,Low
Rice,37.3,92,237,0,Medium
Pulses,21.0,84,248,0,Medium
Millet,36.8,54,387,0,Medium
Millet,19.9,45,336,1,Medium
Soybean,24.6,72,58,1,Medium
Barley,20.9,38,89,0,Low
Groundnut,39.8,82,213,0,Medium
Soybean,26.3,86,92,1,Medium
Barley,44.7,49,53,1,Medium
Rice,43.7,87,285,0,Medium
Maize,32.9,24,124,0,Low
Mustard,41.2,35,359,1,Medium
Wheat,17.7,69,139,0,Medium
Millet,21.4,78,146,0,Medium
Groundnut,22.9,64,18,1,Medium
Sunflower,37.1,72,98,0,Medium
Jute,17.4,27,189,1,Medium
Sunflower,31.4,83,66,1,Medium
Mustard,40.7,60,236,1,Medium
Mustard,24.2,35,105,0,Low
Millet,21.6,40,88,1,Medium
Jute,37.4,68,310,0,Medium
Maize,37.9,52,85,1,Medium
Mustard,44.7,88,56,1,Medium
Jute,30.6,59,230,1,Medium
Groundnut,37.9,64,338,1,Medium
Rice,33.4,62,273,0,Medium
Groundnut,30.1,87,45,1,Medium
Pulses,38.3,74,156,0,Medium
Maize,35.8,61,96,1,Medium
Soybean,30.1,45,239,0,Medium
Jute,42.3,67,376,0,Medium
Sunflower,23.1,28,274,1,Medium
Cotton,39.6,53,235,0,Medium
Mustard,40.9,53,0,0,Low
Soybean,29.3,30,32,0,Low
Millet,42.9,58,289,1,Medium
Cotton,44.0,24,92,1,Medium
Maize,44.4,59,177,1,Medium
Groundnut,19.5,70,110,1,Medium
Cotton,19.2,83,237,0,Medium
Jute,28.8,32,292,0,Medium
Millet,17.6,64,378,1,Medium
Millet,33.2,65,10,1,Medium
Sunflower,21.9,48,250,0,Medium
Soybean,16.4,26,133,1,Medium
Barley,39.7,29,310,0,Medium
Rice,15.0,21,331,1,Medium
Rice,26.7,45,294,0,Medium
Rice,24.4,82,357,1,High
Groundnut,29.9,78,158,1,Medium
Mustard,40.6,41,371,0,Medium
Wheat,21.7,27,371,0,Medium
Millet,34.6,71,375,1,Medium
Maize,29.1,50,178,0,Medium
Barley,35.7,57,243,1,Medium
Jute,21.3,77,125,0,Medium
Barley,23.5,86,69,1,Medium
Barley,39.7,79,353,1,High
Cotton,38.7,91,179,0,Medium
Barley,34.2,41,365,1,Medium
Maize,16.0,77,16,1,Medium
Millet,16.3,56,309,1,Medium
Soybean,29.5,68,366,1,Medium
Maize,29.1,36,201,1,Medium
Mustard,24.4,75,57,0,Medium
Maize,15.7,33,383,0,Medium
Groundnut,37.6,75,129,0,Medium
Rice,36.4,70,50,1,Medium
Soybean,33.3,69,109,0,Medium
Sunflower,19.7,26,386,0,Medium
Sugarcane,25.5,37,311,0,Medium
Jute,43.5,22,39,1,Medium
Cotton,42.0,43,209,1,Medium
Maize,21.7,73,230,1,Medium
Maize,18.4,41,386,1,Medium
Sunflower,19.6,88,331,0,Medium
Mustard,42.0,64,376,1,Medium
Pulses,27.5,69,290,1,Medium
Pulses,40.9,59,266,0,Medium
Soybean,41.3,56,125,1,Medium
Mustard,22.6,20,182,0,Medium
Barley,19.3,88,37,1,Medium
Groundnut,19.9,79,51,1,Medium
Rice,44.1,25,283,1,Medium
Soybean,24.9,91,271,1,High
Sugarcane,34.0,41,96,1,Medium
Pulses,42.5,58,39,0,Low
Soybean,30.3,89,146,1,Medium
Millet,29.6,46,188,0,Medium
Jute,39.2,46,205,1,Medium
Rice,44.4,76,272,1,High
Soybean,19.9,69,159,0,Medium
Sunflower,28.1,53,362,0,Medium
Barley,41.8,31,6,0,Low
Sunflower,39.0,63,212,0,Medium
Soybean,16.9,92,286,0,Medium
Sunflower,34.9,41,34,1,Medium
Sunflower,26.4,90,199,0,Medium
Barley,16.8,45,152,1,Medium
Pulses,23.6,42,298,1,Medium
Sugarcane,19.7,88,327,1,High
Soybean,28.6,27,176,0,Medium
Groundnut,42.8,53,365,0,Medium
Cotton,27.5,55,130,0,Low
Maize,17.1,90,222,1,High
Millet,40.3,40,253,0,Medium
Mustard,27.4,23,226,0,Medium
Sunflower,28.5,81,71,0,Medium
Pulses,31.0,30,251,1,Medium
Rice,16.9,36,314,1,Medium
Mustard,19.9,84,323,0,Medium
Millet,44.1,62,374,0,Medium
Rice,32.7,81,391,1,High
Jute,16.7,40,308,0,Medium
Mustard,32.7,31,299,1,Medium
Barley,30.9,25,212,1,Medium
Jute,15.3,91,279,0,Medium
Rice,21.7,26,233,1,Medium
Groundnut,34.6,85,85,0,Medium
Wheat,39.6,78,304,1,High
Sunflower,34.1,54,120,0,Low
Rice,25.0,74,311,1,Medium
Maize,20.2,72,48,0,Medium
Pulses,40.2,21,217,0,Medium
Soybean,26.7,31,159,0,Medium
Sunflower,15.8,54,379,1,Medium
Pulses,31.6,73,167,0,Medium
Sugarcane,44.4,34,284,1,Medium
Pulses,19.7,68,277,0,Medium
Sunflower,23.7,56,147,1,Medium
Jute,34.0,86,223,1,High
Cotton,31.7,78,319,0,Medium
Jute,25.4,40,18,1,Medium
Soybean,35.9,29,252,1,Medium
Soybean,36.4,82,245,0,Medium
Pulses,32.1,82,9,0,Medium
Pulses,18.7,71,29,1,Medium
Jute,38.3,66,66,1,Medium
Sunflower,21.4,44,264,0,Medium
Sunflower,20.5,64,202,1,Medium
Soybean,24.3,28,346,0,Medium
Groundnut,22.3,63,306,0,Medium
Pulses,16.2,42,233,0,Medium
Barley,39.7,40,16,1,Medium
Sunflower,23.9,51,29,0,Low
Barley,44.9,83,234,0,Medium
Soybean,32.6,37,125,1,Medium
Pulses,39.0,52,121,1,Medium
Soybean,26.5,62,0,1,Medium
Rice,15.3,36,310,0,Medium
Sunflower,22.5,85,239,0,Medium
Rice,32.1,73,265,0,Medium
Pulses,43.7,52,195,0,Medium
Maize,24.4,91,209,1,High
Maize,23.4,90,94,0,Medium
Groundnut,34.6,92,269,1,High
Pulses,34.3,77,378,1,High
Barley,23.3,93,305,0,Medium
Sunflower,44.9,54,361,0,Medium
Groundnut,29.1,53,384,0,Medium
Soybean,35.6,53,193,0,Medium
Soybean,29.7,27,194,0,Medium
Mustard,32.1,48,91,1,Medium
Jute,34.0,40,78,1,Medium
Sunflower,38.7,41,341,0,Medium
Sugarcane,30.1,53,32,0,Low
Millet,35.6,62,316,1,Medium
Mustard,33.2,84,364,0,Medium
Pulses,34.1,39,27,0,Low
Rice,16.2,63,39,0,Medium
Jute,25.5,43,291,0,Medium
Rice,22.1,31,203,1,Medium
Sunflower,25.5,42,68,0,Low
Pulses,17.7,52,387,0,Medium
Sugarcane,24.1,66,393,1,Medium
Soybean,18.3,51,314,0,Medium
Sugarcane,22.0,36,68,0,Low
Rice,25.2,35,225,1,Medium
Sugarcane,35.0,30,334,1,Medium
Groundnut,19.9,30,5,1,Medium
Groundnut,40.3,47,27,0,Low
Groundnut,41.9,34,111,0,Low
Mustard,21.7,50,330,0,Medium
Cotton,24.0,41,112,0,Low
Rice,32.7,89,240,0,Medium
Sugarcane,39.1,48,324,1,Medium
Sugarcane,29.2,60,111,0,Low
Wheat,35.2,74,291,1,Medium
Sugarcane,37.4,43,28,1,Medium
Soybean,38.9,76,94,0,Medium
Jute,21.5,23,372,0,Medium
Sugarcane,15.1,53,378,1,Medium
Mustard,19.9,88,324,1,High
Sunflower,37.4,40,54,1,Medium
Pulses,30.8,85,334,0,Medium
Mustard,24.2,68,17,0,Medium
Sugarcane,44.1,85,193,1,Medium
Pulses,37.9,32,157,1,Medium
Rice,25.0,32,224,0,Medium
Cotton,27.7,84,276,1,High
Maize,18.9,44,333,0,Medium
Sunflower,25.4,83,173,0,Medium
Groundnut,43.4,83,314,0,Medium
Sunflower,24.4,63,199,1,Medium
Cotton,40.4,21,108,0,Low
Cotton,25.3,52,6,0,Low
Jute,16.9,60,7,1,Medium
Pulses,42.0,40,400,0,Medium
Jute,15.9,39,59,1,Medium
Millet,24.7,25,286,0,Medium
Millet,25.6,49,284,0,Medium
Sugarcane,22.0,61,229,1,Medium
Millet,44.0,65,221,1,Medium
Pulses,29.0,42,151,1,Medium
Sugarcane,17.6,61,130,1,Medium
Barley,43.1,78,269,0,Medium
Rice,25.8,32,387,1,Medium
Jute,34.0,75,233,1,Medium
Sugarcane,31.9,86,121,0,Medium
Sugarcane,18.2,37,343,0,Medium
Maize,19.9,71,49,0,Medium
Mustard,35.5,71,68,0,Medium
Barley,36.9,90,146,1,Medium
Mustard,32.7,60,206,0,Medium
Millet,25.6,29,285,1,Medium
Barley,36.4,67,27,0,Medium
Sunflower,38.5,51,205,1,Medium
Wheat,18.9,76,377,1,High
Millet,22.5,20,364,1,Medium
Barley,36.0,32,15,1,Medium
Rice,27.1,50,396,0,Medium
Pulses,29.0,53,145,1,Medium
Groundnut,18.5,45,318,0,Medium
Cotton,28.0,49,110,0,Low
Mustard,38.5,90,106,0,Medium
Soybean,44.3,31,121,0,Low
Mustard,29.0,45,82,0,Low
Soybean,39.0,35,308,0,Medium
Rice,33.1,84,399,1,High
Barley,41.9,24,261,1,Medium
Pulses,20.9,79,354,1,High
Cotton,18.8,63,270,0,Medium
Barley,31.4,73,34,1,Medium
Groundnut,42.8,25,263,1,Medium
Cotton,33.4,65,379,1,Medium
Jute,31.9,60,148,0,Low
Barley,21.4,95,183,1,Medium
Sugarcane,35.7,77,51,0,Medium
Cotton,31.5,70,200,1,Medium
Mustard,18.0,88,168,1,Medium
Sugarcane,32.3,79,31,1,Medium
Millet,33.1,24,199,1,Medium
Sunflower,44.5,85,169,0,Medium
Cotton,40.4,25,313,0,Medium
Maize,15.1,54,92,1,Medium
Rice,26.0,81,193,1,Medium
Sunflower,30.0,85,98,0,Medium
Jute,39.5,87,355,1,High
Soybean,30.2,93,242,0,Medium
Groundnut,28.0,23,392,1,Medium
Sunflower,30.2,56,169,1,Medium
Jute,26.7,36,202,0,Medium
Rice,24.8,52,246,1,Medium
Sunflower,42.1,90,276,0,Medium
Sunflower,42.1,92,333,1,High
Barley,24.2,40,149,0,Low
Millet,34.3,69,282,0,Medium
Millet,23.4,68,400,0,Medium
Groundnut,20.4,29,396,1,Medium
Wheat,36.8,65,393,0,Medium
Barley,23.2,87,378,0,Medium
Millet,30.0,77,39,0,Medium
Wheat,39.5,63,266,1,Medium
Wheat,18.0,62,147,0,Medium
Millet,16.0,72,234,0,Medium
Rice,38.3,43,63,1,Medium
Jute,22.1,65,121,0,Medium
Pulses,34.6,24,382,0,Medium
Maize,21.2,53,114,0,Low
Sunflower,41.0,72,13,0,Medium
Mustard,35.7,25,290,0,Medium
Cotton,26.3,74,262,0,Medium
Jute,37.9,75,103,0,Medium
Jute,19.0,80,258,0,Medium
Rice,18.9,65,263,0,Medium
Sugarcane,20.2,92,396,1,High
Sunflower,25.2,43,127,1,Medium
Groundnut,21.5,73,362,1,Medium
Sunflower,18.9,51,173,1,Medium
Sunflower,22.9,56,181,1,Medium
Wheat,37.8,86,84,0,Medium
Sugarcane,30.1,88,21,0,Medium
Soybean,38.1,26,63,0,Low
Mustard,30.7,71,126,1,Medium
Soybean,27.3,39,390,0,Medium
Wheat,34.0,53,135,0,Low
Wheat,33.9,42,111,1,Medium
Mustard,25.6,26,197,1,Medium
Sunflower,26.6,79,255,1,High
Groundnut,41.0,92,384,1,High
Maize,26.9,26,190,0,Medium
Cotton,39.8,21,197,1,Medium
Rice,23.6,92,353,0,Medium
Groundnut,16.7,43,382,1,Medium
Jute,34.9,38,12,1,Medium
Pulses,20.1,23,94,0,Low
Groundnut,41.6,28,165,0,Medium
Jute,15.1,61,390,0,Medium
Pulses,40.0,42,330,0,Medium
Cotton,21.9,77,59,0,Medium
Soybean,18.4,39,222,0,Medium
Soybean,34.6,67,31,0,Medium
Wheat,42.4,53,278,0,Medium
Sugarcane,16.9,39,322,1,Medium
Soybean,44.5,71,393,1,Medium
Groundnut,42.8,81,206,0,Medium
Barley,22.1,33,57,0,Low
Groundnut,36.9,55,134,0,Low
Soybean,22.6,65,81,0,Medium
Soybean,22.7,94,231,1,High
Mustard,39.6,79,337,0,Medium
Millet,37.2,31,382,0,Medium
Mustard,39.7,71,225,1,Medium
Jute,42.0,36,44,0,Low
Millet,38.9,22,260,1,Medium
Mustard,32.8,63,340,0,Medium
Mustard,17.2,43,331,1,Medium
Sunflower,39.6,43,386,1,Medium
Pulses,37.9,63,86,0,Medium
Sugarcane,29.4,68,213,0,Medium
Mustard,39.6,57,68,1,Medium
Pulses,19.2,21,49,1,Medium
Sunflower,16.1,58,103,0,Low
Cotton,25.5,31,80,1,Medium
Groundnut,26.7,79,159,1,Medium
Sugarcane,38.3,90,11,0,Medium
Maize,17.3,24,182,0,Medium
Sugarcane,25.9,44,279,0,Medium
Mustard,36.0,52,117,1,Medium
Millet,22.6,23,25,1,Medium
Jute,27.3,75,297,0,Medium
Rice,22.9,65,235,1,Medium
Groundnut,24.8,71,390,0,Medium
Sugarcane,19.1,94,55,1,Medium
Wheat,30.8,53,315,1,Medium
Sunflower,17.1,29,93,1,Medium
Millet,28.4,64,228,0,Medium
Sunflower,44.7,77,307,0,Medium
Jute,21.0,80,78,0,Medium
Pulses,27.8,22,313,1,Medium
Cotton,21.0,61,332,1,Medium
Cotton,32.2,94,68,1,Medium
Maize,15.7,74,90,0,Medium
Groundnut,16.4,28,369,0,Medium
Jute,41.6,29,285,1,Medium
Wheat,15.4,29,135,0,Low
Millet,22.0,37,18,1,Medium
Barley,37.3,35,155,1,Medium
Soybean,28.5,77,262,0,Medium
Cotton,24.2,61,91,1,Medium
Cotton,41.9,39,97,1,Medium
Sugarcane,29.4,68,26,1,Medium
Pulses,20.8,69,279,0,Medium
Pulses,17.2,21,196,1,Medium
Soybean,25.4,69,111,0,Medium
Groundnut,28.8,84,5,0,Medium
Sunflower,41.6,34,197,1,Medium
Barley,32.4,37,314,1,Medium
Pulses,15.2,86,165,1,Medium
Mustard,39.1,75,268,1,Medium
Barley,20.3,81,152,1,Medium
Sunflower,40.2,54,310,1,Medium
Wheat,30.2,44,1,0,Low
Soybean,20.2,52,10,1,Medium
Millet,42.0,52,89,0,Low
Jute,41.6,82,12,0,Medium
Pulses,38.1,92,357,0,Medium
Mustard,44.2,71,304,0,Medium
Rice,17.2,89,251,1,High
Wheat,32.5,79,297,1,High
Cotton,35.9,40,59,0,Low
Sunflower,15.5,53,22,0,Low
Jute,15.5,48,280,1,Medium
Sugarcane,44.4,87,243,0,Medium
Wheat,32.6,41,150,1,Medium
Barley,25.5,33,389,1,Medium
Millet,36.0,67,269,1,Medium
Jute,15.9,85,115,0,Medium
Sugarcane,15.6,48,300,1,Medium
Mustard,17.0,37,144,0,Low
Soybean,29.4,30,33,0,Low
Pulses,42.2,63,63,1,Medium
Rice,32.0,55,258,0,Medium
Barley,36.7,68,319,0,Medium
Soybean,16.4,31,301,0,Medium
Jute,36.5,25,268,1,Medium
Millet,43.9,57,28,1,Medium
Sunflower,18.0,34,191,0,Medium
Pulses,20.2,68,230,0,Medium
Mustard,19.0,53,164,0,Medium
Jute,44.6,55,142,1,Medium
Millet,25.3,66,116,1,Medium
Wheat,26.4,20,34,1,Medium
Wheat,31.2,64,0,0,Medium
Rice,17.8,45,48,1,Medium
Millet,24.7,46,240,0,Medium
Sugarcane,34.6,87,307,0,Medium
Sunflower,43.6,37,11,0,Low
Maize,31.9,79,163,1,Medium
Soybean,36.8,53,27,0,Low
Mustard,38.3,40,70,0,Low
Jute,18.4,93,109,0,Medium
Cotton,19.7,29,308,0,Medium
Millet,20.9,80,327,0,Medium
Sunflower,27.0,40,378,1,Medium
Millet,15.2,59,49,0,Low
Cotton,27.2,44,193,1,Medium
Soybean,38.7,93,51,1,Medium
Barley,33.2,77,231,1,High
Barley,44.0,83,59,1,Medium
Sunflower,38.3,65,378,0,Medium
Groundnut,24.1,20,72,1,Medium
Wheat,34.0,49,174,1,Medium
Sunflower,18.7,45,155,1,Medium
Cotton,17.7,24,35,1,Medium
Wheat,17.9,26,194,0,Medium
Maize,29.4,34,32,1,Medium
Sugarcane,20.2,49,308,0,Medium
Wheat,18.5,64,388,1,Medium
Jute,20.9,41,85,1,Medium
Millet,27.2,60,395,1,Medium
Rice,33.6,21,325,0,Medium
Maize,28.2,23,33,0,Low
Soybean,39.9,79,125,0,Medium
Barley,21.2,94,240,0,Medium
Maize,32.1,53,80,0,Low
Wheat,15.1,91,349,0,Medium
Maize,30.1,74,125,0,Medium
Soybean,38.7,81,0,0,Medium
Sugarcane,34.5,59,296,1,Medium
Rice,33.9,51,277,1,Medium
Mustard,25.9,34,275,0,Medium
Soybean,27.2,32,281,0,Medium
Groundnut,18.1,85,280,0,Medium
Pulses,28.0,63,40,0,Medium
Cotton,36.8,41,61,0,Low
Rice,32.5,42,353,0,Medium
Soybean,18.2,52,358,0,Medium
Pulses,15.5,61,119,0,Medium
Mustard,42.8,55,22,1,Medium
Jute,24.9,84,352,0,Medium
Soybean,44.0,46,285,0,Medium
Jute,21.2,61,95,0,Medium
Sunflower,16.8,74,393,1,Medium
Mustard,29.0,33,232,0,Medium
Millet,39.4,20,87,1,Medium
Sunflower,22.5,32,105,1,Medium
Sugarcane,28.8,76,30,0,Medium
Soybean,35.3,70,65,0,Medium
Barley,40.7,95,246,1,High
Soybean,36.5,64,264,0,Medium
Millet,34.6,53,303,0,Medium
Rice,29.7,92,396,1,High
Maize,28.5,82,309,0,Medium
Cotton,44.6,39,333,0,Medium
Maize,39.5,70,306,0,Medium
Mustard,40.4,92,52,0,Medium
Rice,17.4,73,311,0,Medium
Maize,26.0,42,12,0,Low
Jute,28.1,75,100,1,Medium
Wheat,25.1,23,11,1,Medium
Cotton,24.0,72,278,0,Medium
Sugarcane,26.8,81,321,0,Medium
Sunflower,32.6,92,221,1,High
Mustard,36.7,95,119,1,Medium
Sugarcane,36.7,27,298,1,Medium
Mustard,25.7,94,26,1,Medium
Groundnut,35.8,46,156,1,Medium
Soybean,22.2,44,212,1,Medium
Rice,35.7,79,115,1,Medium
Soybean,26.0,24,219,1,Medium
Wheat,36.1,88,24,0,Medium
Maize,24.2,63,105,1,Medium
Sunflower,44.5,56,197,1,Medium
Millet,44.7,27,315,1,Medium
Mustard,19.8,82,60,0,Medium
Sugarcane,32.6,77,255,1,High
Maize,22.1,86,50,1,Medium
Barley,35.0,41,22,0,Low
Mustard,25.8,65,344,0,Medium
Maize,37.1,95,353,1,High
Soybean,35.2,25,104,0,Low
Groundnut,36.6,21,302,0,Medium
Wheat,27.5,74,24,1,Medium
Rice,22.5,69,212,1,Medium
Maize,22.2,80,150,1,Medium
Maize,44.2,21,212,1,Medium
Groundnut,37.2,71,253,1,Medium
Sugarcane,36.2,82,307,0,Medium
Groundnut,38.5,70,130,1,Medium
Cotton,42.5,30,188,1,Medium
Pulses,27.6,54,81,0,Low
Rice,16.7,24,129,1,Medium
Mustard,28.9,38,194,1,Medium
Maize,20.8,35,31,0,Low
Barley,38.4,35,141,0,Low
Sunflower,38.5,63,114,0,Medium
Wheat,32.9,39,46,0,Low
Millet,24.3,39,136,0,Low
Cotton,18.6,41,22,1,Medium
Mustard,15.4,71,20,1,Medium
Sunflower,32.8,41,292,1,Medium
Jute,18.0,83,96,0,Medium
Barley,29.9,24,293,1,Medium
Jute,36.9,91,88,1,Medium
Maize,33.2,66,40,1,Medium
Millet,39.4,47,301,1,Medium
Soybean,37.5,46,140,0,Low
Sunflower,40.4,87,106,1,Medium
Maize,17.2,42,273,1,Medium
Soybean,32.8,57,394,1,Medium
Millet,25.2,71,49,1,Medium
Cotton,41.3,34,169,1,Medium
Cotton,37.9,36,330,0,Medium
Rice,23.3,46,295,0,Medium
Pulses,21.8,73,308,1,Medium
Millet,29.6,73,112,1,Medium
Rice,22.6,69,105,1,Medium
Cotton,39.0,59,390,0,Medium
Rice,25.5,88,399,0,Medium
Soybean,33.3,34,357,0,Medium
Millet,43.8,40,112,1,Medium
Barley,30.2,78,349,1,High
Pulses,40.8,33,36,0,Low
Jute,19.9,71,299,0,Medium
Mustard,34.6,78,69,0,Medium
Soybean,17.6,47,133,1,Medium
Millet,23.0,47,380,0,Medium
Rice,33.7,66,226,1,Medium
Cotton,21.0,41,303,0,Medium
Maize,25.5,27,43,1,Medium
Groundnut,28.1,81,69,0,Medium
Mustard,27.5,88,356,1,High
Barley,24.1,44,309,0,Medium
Pulses,40.3,80,194,0,Medium
Maize,42.7,90,129,1,Medium
Pulses,44.3,49,391,1,Medium
Millet,25.2,35,108,1,Medium
Mustard,19.5,27,134,0,Low
Cotton,27.8,58,314,0,Medium
Cotton,41.4,56,224,1,Medium
Maize,43.0,86,303,0,Medium
Barley,37.6,47,119,1,Medium
Sugarcane,26.5,63,336,1,Medium
Maize,21.6,45,371,0,Medium
Sugarcane,18.4,72,239,1,Medium
Rice,35.0,67,40,1,Medium
Wheat,41.3,82,224,1,High
Wheat,24.4,65,157,1,Medium
Sugarcane,33.0,48,304,0,Medium
Mustard,31.4,56,366,0,Medium
Jute,26.2,43,184,1,Medium
Pulses,32.9,25,106,0,Low
Wheat,43.2,74,389,0,Medium
Barley,16.7,58,50,1,Medium
Cotton,27.5,90,381,1,High
Wheat,35.5,50,349,0,Medium
Wheat,18.0,82,83,0,Medium
Rice,40.2,24,337,1,Medium
Sunflower,36.3,84,108,1,Medium
Sunflower,31.1,80,94,1,Medium
Millet,32.9,68,42,0,Medium
Mustard,44.5,85,225,1,High
Pulses,42.8,48,129,1,Medium
Mustard,40.5,76,11,0,Medium
Sugarcane,20.2,70,248,1,Medium
Groundnut,21.1,62,90,1,Medium
Soybean,26.9,58,240,1,Medium
Soybean,15.8,75,130,1,Medium
Wheat,43.1,23,211,0,Medium
Cotton,39.4,73,102,0,Medium
Pulses,39.7,45,310,1,Medium
Jute,27.4,52,151,0,Medium
Wheat,30.9,25,3,1,Medium
Soybean,30.7,74,134,0,Medium
Soybean,28.9,95,124,1,Medium
Mustard,38.0,34,390,1,Medium
Millet,36.4,53,69,0,Low
Mustard,25.0,70,289,1,Medium
Cotton,18.4,39,393,0,Medium
Mustard,26.8,95,160,1,Medium
Sugarcane,20.3,55,292,0,Medium
Sunflower,31.5,50,244,1,Medium
Sugarcane,23.4,95,282,1,High
Sugarcane,38.9,88,73,0,Medium
Groundnut,34.6,73,175,0,Medium
Jute,43.7,40,149,1,Medium
Groundnut,44.6,83,152,1,Medium
Wheat,24.2,47,37,0,Low
Maize,29.0,60,147,0,Low
Mustard,16.9,31,340,0,Medium
Sunflower,20.6,69,228,0,Medium
Pulses,23.8,51,117,1,Medium
Sunflower,33.4,69,76,0,Medium
Maize,44.0,82,246,0,Medium
Groundnut,18.0,28,115,1,Medium
Millet,31.3,90,94,0,Medium
Soybean,33.3,83,201,0,Medium
Maize,22.2,92,378,1,High
Barley,39.1,40,170,1,Medium
Soybean,25.0,25,23,1,Medium
Barley,44.2,56,337,1,Medium
Maize,27.9,79,251,1,High
Barley,32.6,30,262,1,Medium
Cotton,24.8,40,244,1,Medium
Soybean,32.2,79,360,0,Medium
Barley,22.8,54,291,0,Medium
Wheat,16.3,68,290,0,Medium
Mustard,22.6,82,64,0,Medium
Sugarcane,44.2,28,276,1,Medium
Barley,31.7,59,269,0,Medium
Barley,19.4,22,216,0,Medium
Wheat,28.2,72,167,0,Medium
Barley,27.4,33,384,1,Medium
Barley,31.4,88,351,0,Medium
Sugarcane,34.8,57,396,1,Medium
Millet,33.3,71,371,0,Medium
Sunflower,27.9,52,73,1,Medium
Millet,38.8,59,313,0,Medium
Jute,33.1,31,203,1,Medium
Millet,27.5,34,95,0,Low
Groundnut,21.8,82,21,1,Medium
Sunflower,31.3,66,122,0,Medium
Groundnut,38.3,55,112,1,Medium
Sugarcane,39.2,70,66,1,Medium
Wheat,24.3,76,367,0,Medium
Barley,24.8,26,295,0,Medium
Barley,25.1,21,14,1,Medium
Soybean,26.4,53,382,1,Medium
Millet,18.9,94,80,0,Medium
Soybean,38.5,56,364,0,Medium
Maize,25.8,22,256,1,Medium
Rice,30.5,25,104,1,Medium
Soybean,25.4,57,159,1,Medium
Sunflower,35.9,62,101,0,Medium
Soybean,44.0,95,148,1,Medium
Rice,44.4,25,284,0,Medium
Jute,39.5,54,310,0,Medium
Sugarcane,23.3,40,173,0,Medium
Maize,19.2,39,35,0,Low
Millet,22.6,63,19,1,Medium
Soybean,29.7,27,116,1,Medium
Soybean,21.4,73,259,0,Medium
Cotton,35.3,29,202,1,Medium
Sunflower,22.4,35,118,1,Medium
Maize,17.3,76,5,1,Medium
Millet,38.2,86,286,1,High
Maize,22.9,30,246,1,Medium
Millet,39.2,46,11,0,Low
Rice,41.6,47,321,1,Medium
Mustard,37.6,49,193,1,Medium
Rice,17.1,28,46,0,Low
Soybean,41.1,59,310,1,Medium
Mustard,33.4,90,379,0,Medium
Groundnut,35.3,95,99,1,Medium
Rice,25.2,81,218,1,High
Groundnut,27.5,51,171,0,Medium
Cotton,32.5,74,113,1,Medium
Soybean,28.9,25,107,0,Low
Pulses,21.2,90,141,1,Medium
Mustard,38.1,67,124,1,Medium
Sunflower,16.7,90,58,1,Medium
Sugarcane,30.0,37,229,1,Medium
Barley,29.2,82,216,0,Medium
Rice,19.6,71,251,1,Medium
Wheat,37.3,67,372,1,Medium
Cotton,24.4,59,272,1,Medium
Wheat,20.7,61,51,0,Medium
Barley,17.3,26,236,0,Medium
Barley,44.2,74,305,0,Medium
Barley,25.3,40,382,0,Medium
Soybean,33.3,69,273,1,Medium
Sugarcane,38.9,73,330,0,Medium
Soybean,29.4,52,79,0,Low
Sugarcane,41.0,75,374,0,Medium
Rice,22.3,41,297,0,Medium
Pulses,21.0,35,134,0,Low
Pulses,31.7,40,97,1,Medium
Sunflower,30.5,84,317,1,High
Sugarcane,22.5,59,52,1,Medium
Mustard,39.1,70,306,0,Medium
Jute,24.6,47,123,0,Low
Groundnut,42.5,49,106,0,Low
Maize,26.5,44,144,0,Low
Sugarcane,44.1,26,47,0,Low
Rice,45.0,79,317,0,Medium
Rice,29.8,63,164,1,Medium
Soybean,20.9,56,340,0,Medium
Cotton,20.3,73,60,0,Medium
Jute,43.2,52,177,1,Medium
Barley,31.1,44,243,0,Medium
Wheat,21.6,34,347,0,Medium
Pulses,34.7,90,296,1,High
Jute,32.5,39,25,1,Medium
Cotton,25.3,22,0,1,Medium
Cotton,29.6,88,171,1,Medium
Rice,44.0,30,283,0,Medium
Jute,30.9,69,32,0,Medium
Barley,41.2,70,214,0,Medium
Millet,30.1,67,373,1,Medium
Soybean,37.0,64,111,1,Medium
Groundnut,39.1,33,298,0,Medium
Sunflower,19.6,88,39,0,Medium
Maize,23.6,81,326,0,Medium
Sunflower,30.3,89,238,0,Medium
Maize,19.9,62,90,0,Medium
Barley,24.1,92,249,0,Medium
Barley,31.6,44,374,1,Medium
Cotton,41.5,35,363,0,Medium
Sugarcane,18.0,81,117,1,Medium
Wheat,44.3,89,206,0,Medium
Cotton,19.9,55,27,0,Low
Sugarcane,42.5,65,236,1,Medium
Wheat,16.6,81,97,0,Medium
Sugarcane,21.1,45,384,0,Medium
Pulses,32.2,41,8,1,Medium
Jute,22.8,77,3,0,Medium
Sunflower,41.5,54,201,1,Medium
Soybean,26.3,94,218,0,Medium
Cotton,29.3,26,195,0,Medium
Sunflower,18.2,44,298,0,Medium
Pulses,34.8,29,182,1,Medium
Pulses,34.9,81,231,0,Medium
Wheat,37.6,52,71,0,Low
Cotton,35.2,39,209,1,Medium
Millet,28.1,28,330,0,Medium
Soybean,29.5,45,166,1,Medium
Soybean,20.6,87,56,1,Medium
Cotton,18.5,92,241,1,High
Maize,38.6,45,63,0,Low
Maize,20.8,79,201,1,High
Barley,19.4,86,39,1,Medium
Groundnut,32.3,50,258,0,Medium
Millet,44.8,42,177,0,Medium
Wheat,38.7,93,290,0,Medium
Maize,34.7,74,4,1,Medium
Wheat,23.0,39,256,1,Medium
Rice,26.9,27,377,0,Medium
Soybean,15.9,88,114,0,Medium
Maize,17.6,79,289,0,Medium
Sunflower,29.8,39,9,0,Low
Soybean,26.8,68,371,0,Medium
Pulses,23.4,36,84,0,Low
Sunflower,33.1,26,133,1,Medium
Jute,41.2,47,144,1,Medium
Millet,20.8,77,63,0,Medium
Mustard,38.1,39,236,0,Medium
Pulses,19.8,94,196,1,Medium
Rice,26.4,91,292,1,High
Sugarcane,24.1,71,87,0,Medium
Jute,33.7,42,237,0,Medium
Soybean,17.1,76,12,1,Medium
Jute,28.4,65,48,1,Medium
Groundnut,20.2,63,12,1,Medium
Barley,23.3,31,84,1,Medium
Barley,25.8,54,66,1,Medium
Maize,36.0,20,319,0,Medium
Cotton,22.1,57,159,0,Medium
Soybean,39.5,44,54,1,Medium
Jute,39.1,58,236,0,Medium
Barley,19.7,37,340,1,Medium
Millet,38.9,74,354,0,Medium
Sugarcane,39.1,33,385,1,Medium
Barley,39.8,94,127,0,Medium
Sugarcane,26.2,34,118,0,Low
Wheat,24.2,91,300,0,Medium
Mustard,31.9,47,157,0,Medium
Rice,22.6,49,299,0,Medium
Barley,16.3,79,32,0,Medium
Pulses,17.7,85,265,0,Medium
Soybean,21.7,89,373,1,High
Barley,39.5,85,47,1,Medium
Mustard,26.1,66,36,0,Medium
Millet,36.4,87,52,0,Medium
Wheat,39.3,31,288,0,Medium
Cotton,27.1,20,331,1,Medium
Pulses,42.4,94,311,0,Medium
Sunflower,32.9,25,194,0,Medium
Sunflower,43.2,79,124,0,Medium
Barley,20.6,27,194,1,Medium
Wheat,34.8,71,293,0,Medium
Soybean,29.7,47,130,1,Medium
Millet,39.6,42,347,0,Medium
Rice,35.2,79,102,0,Medium
Maize,40.3,24,211,0,Medium
Mustard,39.2,51,286,1,Medium
Barley,32.5,35,344,0,Medium
Sugarcane,40.4,63,53,1,Medium
Millet,37.0,81,144,1,Medium
Cotton,39.0,27,278,1,Medium
Millet,31.0,45,280,1,Medium
Wheat,26.8,41,101,1,Medium
Sugarcane,37.2,73,380,0,Medium
Groundnut,22.5,91,68,0,Medium
Soybean,26.2,28,67,1,Medium
Sunflower,21.4,49,203,0,Medium
Barley,19.8,38,197,1,Medium
Sugarcane,26.6,71,248,0,Medium
Sunflower,43.8,38,398,1,Medium
Rice,18.6,56,107,1,Medium
Rice,21.6,95,192,1,Medium
Sunflower,22.9,84,281,0,Medium
Soybean,22.4,94,276,1,High
Millet,24.8,34,170,1,Medium
Maize,38.2,45,24,0,Low
Jute,27.1,55,154,1,Medium
Millet,40.4,49,291,0,Medium
Pulses,15.1,57,315,1,Medium
Cotton,20.6,36,398,1,Medium
Rice,43.8,49,64,0,Low
Rice,41.2,63,32,1,Medium
Jute,30.1,49,383,0,Medium
Barley,41.1,36,377,1,Medium
Cotton,31.4,46,368,0,Medium
Jute,29.4,86,162,0,Medium
Rice,27.0,20,140,1,Medium
Barley,33.8,34,299,0,Medium
Millet,36.1,62,98,1,Medium
Mustard,34.8,48,1,1,Medium
Mustard,44.2,88,269,0,Medium
Pulses,26.1,41,276,1,Medium
Cotton,27.6,50,364,0,Medium
Sugarcane,41.3,84,238,0,Medium
Maize,15.7,48,8,1,Medium
Mustard,22.7,95,85,0,Medium
Pulses,32.7,82,343,0,Medium
Barley,16.8,40,107,1,Medium
Sunflower,33.7,71,286,1,Medium
Maize,25.7,73,54,1,Medium
Sunflower,31.5,90,28,0,Medium
Cotton,29.5,37,299,1,Medium
Cotton,27.8,49,0,0,Low
Barley,30.0,89,369,1,High
Groundnut,34.9,49,216,0,Medium
Millet,26.2,31,102,0,Low
Mustard,33.0,88,383,0,Medium
Groundnut,43.4,27,172,0,Medium
Wheat,29.1,44,320,1,Medium
Groundnut,20.3,55,369,0,Medium
Rice,30.6,43,296,0,Medium
Sugarcane,16.8,56,179,1,Medium
Cotton,28.7,94,224,1,High
Soybean,35.4,20,113,1,Medium
Maize,36.7,88,313,0,Medium
Groundnut,28.4,61,396,0,Medium
Wheat,25.9,90,266,1,High
Millet,17.4,63,96,1,Medium
Mustard,17.2,61,53,1,Medium
Groundnut,24.8,41,269,0,Medium
Pulses,35.0,86,178,0,Medium
Wheat,23.3,24,17,0,Low
Barley,27.2,55,62,1,Medium
Pulses,27.4,51,385,0,Medium
Jute,31.7,67,283,1,Medium
Groundnut,36.8,89,105,1,Medium
Pulses,42.6,72,386,1,Medium
Groundnut,38.9,53,310,1,Medium
Sunflower,32.9,64,280,0,Medium
Millet,17.2,54,310,0,Medium
Soybean,28.8,28,237,1,Medium
Groundnut,36.6,33,105,1,Medium
Soybean,37.3,44,383,0,Medium
Mustard,34.2,29,220,0,Medium
Groundnut,36.5,84,54,0,Medium
Jute,38.2,42,181,0,Medium
Mustard,26.7,39,345,0,Medium
Maize,16.3,85,185,0,Medium
Pulses,15.5,40,126,0,Low
Sugarcane,23.6,52,400,0,Medium
Sunflower,32.7,48,215,1,Medium
Cotton,19.8,47,278,1,Medium
Cotton,24.6,93,214,1,High
Cotton,38.3,43,263,0,Medium
Rice,31.2,64,5,1,Medium
Groundnut,44.6,33,43,1,Medium
Sunflower,32.7,47,332,0,Medium
Jute,34.1,48,143,1,Medium
Sunflower,38.7,45,125,0,Low
Sugarcane,22.0,79,395,0,Medium
Maize,29.6,73,328,1,Medium
Maize,31.0,59,347,1,Medium
Pulses,37.7,49,194,1,Medium
Sunflower,38.7,43,198,0,Medium
Maize,42.3,75,271,1,Medium
Jute,43.4,27,88,1,Medium
Sunflower,27.9,23,188,1,Medium
Groundnut,24.2,72,167,0,Medium
Jute,17.6,55,230,0,Medium
Groundnut,28.8,38,397,1,Medium
Cotton,16.5,38,25,0,Low
Rice,44.4,90,359,1,High
Sugarcane,21.4,41,49,0,Low
Mustard,20.8,52,14,1,Medium
Rice,22.7,31,274,1,Medium
Soybean,17.8,93,151,0,Medium
Wheat,22.0,26,188,1,Medium
Pulses,43.0,87,312,0,Medium
Cotton,43.8,28,99,0,Low
Mustard,21.1,75,111,1,Medium
Cotton,35.5,33,27,1,Medium
Millet,20.0,54,153,1,Medium
Mustard,23.7,27,12,1,Medium
Jute,35.1,34,186,1,Medium
Wheat,43.8,49,62,1,Medium
Sunflower,40.4,26,193,1,Medium
Jute,38.4,72,352,1,Medium
Soybean,19.5,81,29,1,Medium
Mustard,34.2,54,266,0,Medium
Millet,38.9,72,182,0,Medium
Mustard,36.9,82,94,1,Medium
Wheat,22.2,34,367,0,Medium
Groundnut,18.6,89,90,0,Medium
Mustard,37.7,39,192,0,Medium
Wheat,34.6,50,141,0,Low
Barley,16.9,70,181,1,Medium
Barley,39.9,55,265,1,Medium
Soybean,19.2,88,296,0,Medium
Wheat,29.8,36,347,0,Medium
Sunflower,33.6,73,119,0,Medium
Cotton,34.1,39,82,1,Medium
Barley,26.6,95,144,1,Medium
Soybean,40.9,70,373,0,Medium
Cotton,44.1,81,200,1,Medium
Cotton,33.8,59,109,0,Low
Soybean,30.2,22,285,1,Medium
Wheat,18.2,81,237,1,High
Millet,18.7,25,138,0,Low
Jute,40.9,29,218,1,Medium
Mustard,28.1,68,308,1,Medium
Groundnut,39.0,29,128,1,Medium
Pulses,28.0,60,72,1,Medium
Barley,44.2,65,280,1,Medium
Jute,44.2,65,138,1,Medium
Pulses,32.3,21,212,1,Medium
Rice,38.2,49,210,1,Medium
Mustard,22.8,82,202,1,High
Rice,15.0,71,160,1,Medium
Maize,20.9,42,165,0,Medium
Soybean,28.6,76,175,0,Medium
Cotton,25.4,70,348,0,Medium
Pulses,43.8,49,332,1,Medium
Wheat,26.7,91,266,0,Medium
Rice,32.3,93,93,1,Medium
Sugarcane,37.6,68,306,1,Medium
Jute,23.5,53,206,0,Medium
Millet,41.7,91,87,1,Medium
Wheat,28.4,35,315,1,Medium
Barley,16.7,24,247,1,Medium
Barley,15.5,28,94,1,Medium
Sunflower,36.6,95,267,0,Medium
Millet,43.6,88,47,0,Medium
Sunflower,38.9,78,291,0,Medium
Sunflower,34.5,91,367,0,Medium
Jute,36.4,63,267,1,Medium
Sugarcane,42.5,44,244,0,Medium
Soybean,22.0,25,233,1,Medium
Groundnut,15.7,54,343,1,Medium
Barley,32.6,64,323,1,Medium
Rice,24.2,34,10,1,Medium
Barley,21.7,85,351,0,Medium
Cotton,39.7,89,334,1,High
Soybean,16.9,56,392,1,Medium
Pulses,27.3,94,130,1,Medium
Mustard,41.7,41,344,1,Medium
Wheat,18.3,57,383,1,Medium
Maize,23.8,51,286,1,Medium
Millet,37.4,39,126,1,Medium
Rice,21.4,82,63,0,Medium
Wheat,17.3,63,321,0,Medium
Pulses,44.3,60,111,1,Medium
Jute,40.3,76,205,1,High
Soybean,41.5,90,32,1,Medium
Maize,24.2,69,50,1,Medium
Groundnut,17.7,37,138,1,Medium
Barley,41.3,94,224,0,Medium
Millet,31.2,89,36,0,Medium
Sunflower,42.4,44,156,1,Medium
Pulses,37.6,35,94,0,Low
Millet,36.6,41,4,0,Low
Wheat,37.1,71,205,0,Medium
Barley,29.6,77,318,0,Medium
Sunflower,21.9,36,211,1,Medium
Wheat,20.3,32,265,0,Medium
Wheat,25.2,29,272,1,Medium
Mustard,31.1,78,29,1,Medium
Wheat,23.3,24,121,1,Medium
Wheat,41.9,88,87,0,Medium
Mustard,21.2,73,131,1,Medium
Rice,26.7,86,7,0,Medium
Groundnut,24.1,42,100,0,Low
Pulses,26.5,71,396,0,Medium
Pulses,38.5,73,307,1,Medium
Wheat,34.4,65,46,0,Medium
Pulses,24.8,70,112,0,Medium
Mustard,30.7,70,387,0,Medium
Cotton,36.1,27,151,1,Medium
Cotton,17.0,57,383,1,Medium
Groundnut,41.9,69,139,1,Medium
Mustard,36.5,47,112,0,Low
Groundnut,18.4,76,143,1,Medium
Sunflower,41.2,83,63,0,Medium
Pulses,19.9,43,269,0,Medium
Soybean,34.8,79,136,1,Medium
Millet,25.2,31,368,0,Medium
Jute,34.2,41,238,0,Medium
Mustard,39.9,84,146,0,Medium
Maize,21.4,88,111,1,Medium
Mustard,33.7,76,28,0,Medium
Millet,38.8,54,108,1,Medium
Wheat,22.6,38,263,1,Medium
Sunflower,26.0,91,125,1,Medium
Jute,42.5,39,333,1,Medium
Jute,37.7,88,88,0,Medium
Barley,31.3,33,394,0,Medium
Jute,29.4,65,57,0,Medium
Mustard,33.6,20,309,0,Medium
Rice,19.6,21,267,0,Medium
Pulses,32.8,48,297,0,Medium
Mustard,30.6,38,164,1,Medium
Groundnut,28.5,27,199,1,Medium
Barley,42.1,86,14,1,Medium
Barley,31.3,53,368,0,Medium
Millet,23.0,86,179,0,Medium
Rice,30.1,28,90,0,Low
Rice,29.9,58,211,1,Medium
Millet,25.3,30,10,1,Medium
Sugarcane,37.7,79,60,1,Medium
Soybean,39.2,65,152,0,Medium
Millet,43.5,63,169,1,Medium
Sunflower,20.3,43,69,1,Medium
Wheat,39.0,24,211,1,Medium
Sugarcane,18.7,56,220,1,Medium
Soybean,38.0,46,10,1,Medium
Soybean,26.8,71,391,1,Medium
Millet,26.3,67,119,1,Medium
Barley,20.1,82,185,0,Medium
Rice,44.4,61,344,0,Medium
Cotton,32.4,61,263,1,Medium
Rice,41.9,23,314,1,Medium
Sunflower,44.9,87,167,0,Medium
Millet,15.9,49,351,1,Medium
Wheat,35.2,61,44,1,Medium
Barley,37.2,75,246,0,Medium
Pulses,22.8,29,237,1,Medium
Millet,22.5,43,219,0,Medium
Sugarcane,23.9,24,237,1,Medium
Sunflower,28.2,61,314,1,Medium
Barley,25.7,68,234,1,Medium
Soybean,20.8,51,225,1,Medium
Jute,26.7,44,109,1,Medium
Jute,34.8,35,128,0,Low
Wheat,40.0,36,24,0,Low
Wheat,36.0,52,12,1,Medium
Barley,42.8,66,53,1,Medium
Groundnut,34.8,63,291,1,Medium
Maize,19.6,47,297,0,Medium
Cotton,23.4,84,126,1,Medium
Groundnut,15.6,90,156,1,Medium
Sunflower,18.6,73,119,0,Medium
Pulses,43.7,83,316,0,Medium
Maize,37.9,38,382,0,Medium
Mustard,41.1,28,74,1,Medium
Wheat,28.0,82,260,1,High
Maize,27.1,66,109,1,Medium
Barley,41.2,48,341,0,Medium
Wheat,23.0,90,81,1,Medium
Rice,31.0,61,100,0,Medium
Barley,18.4,28,237,0,Medium
Rice,33.8,72,104,0,Medium
Maize,43.8,63,126,0,Medium
Pulses,15.7,43,249,0,Medium
Soybean,26.6,89,329,1,High
Sugarcane,31.7,51,340,0,Medium
Jute,43.3,28,165,1,Medium
Sugarcane,20.1,27,244,1,Medium
Soybean,23.0,88,120,0,Medium
Maize,27.4,26,79,0,Low
Barley,31.2,65,349,1,Medium
Groundnut,27.3,32,303,0,Medium
Cotton,20.7,84,202,1,High
Wheat,18.8,91,85,1,Medium
Cotton,32.7,58,394,0,Medium
Sunflower,35.1,58,311,1,Medium
Sunflower,19.3,23,273,0,Medium
Mustard,38.5,77,336,0,Medium
Millet,20.0,42,237,0,Medium
Mustard,33.8,95,94,0,Medium
Barley,25.5,76,312,1,High
Jute,36.6,45,393,0,Medium
Wheat,31.3,81,153,0,Medium
Pulses,41.2,65,95,0,Medium
Barley,24.7,20,228,1,Medium
Pulses,22.3,46,23,0,Low
Wheat,38.5,80,104,0,Medium
Barley,19.5,92,144,0,Medium
Wheat,24.0,73,154,0,Medium
Soybean,24.2,70,100,1,Medium
Cotton,30.9,66,115,1,Medium
Sugarcane,23.8,51,224,1,Medium
Soybean,42.8,69,316,0,Medium
Mustard,38.0,69,132,0,Medium
Sugarcane,21.2,72,319,1,Medium
Sunflower,26.0,90,83,0,Medium
Maize,19.2,91,89,0,Medium
Barley,18.0,50,72,1,Medium
Jute,42.5,82,76,0,Medium
Barley,39.4,61,363,1,Medium
Sugarcane,16.7,89,83,0,Medium
Pulses,32.2,66,236,1,Medium
Cotton,27.7,49,16,0,Low
Sugarcane,32.3,87,280,1,High
Maize,18.5,28,400,1,Medium
Millet,42.9,60,332,0,Medium
Jute,28.7,72,354,1,Medium
Soybean,36.6,67,32,1,Medium
Maize,33.7,50,282,0,Medium
Wheat,29.0,24,166,1,Medium
Sunflower,37.3,47,395,1,Medium
Maize,16.6,91,203,0,Medium
Rice,23.7,67,200,1,Medium
Cotton,39.7,32,317,0,Medium
Wheat,15.4,46,328,0,Medium
Soybean,30.1,37,242,1,Medium
Barley,26.5,48,162,0,Medium
Barley,43.0,21,366,1,Medium
Soybean,15.1,88,395,0,Medium
Cotton,33.6,27,332,1,Medium
Pulses,21.8,50,245,1,Medium
Sunflower,42.3,71,162,1,Medium
Cotton,40.7,43,13,1,Medium
Sugarcane,34.3,38,191,0,Medium
Wheat,19.9,71,10,0,Medium
Pulses,15.0,33,330,1,Medium
Millet,28.8,30,329,0,Medium
Groundnut,18.2,21,243,0,Medium
Jute,18.2,55,142,1,Medium
Pulses,23.0,20,24,1,Medium
Sunflower,16.0,37,108,0,Low
Jute,38.9,37,94,1,Medium
Millet,16.9,56,23,1,Medium
Rice,29.6,54,366,1,Medium
Wheat,16.6,23,228,0,Medium
Soybean,31.6,23,124,1,Medium
Mustard,44.9,43,179,0,Medium
Soybean,41.9,44,233,1,Medium
Millet,39.2,26,296,0,Medium
Mustard,27.5,40,362,1,Medium
Rice,44.7,35,89,0,Low
Rice,37.8,34,263,1,Medium
Mustard,37.2,54,296,1,Medium
Barley,44.9,47,397,1,Medium
Mustard,35.1,37,355,1,Medium
Mustard,24.1,21,285,0,Medium
Sunflower,20.6,90,184,1,Medium
Sugarcane,33.5,74,172,1,Medium
Millet,30.6,20,183,0,Medium
Jute,43.1,88,330,1,High
Rice,30.0,78,193,0,Medium
Groundnut,33.7,25,374,1,Medium
Barley,23.6,38,138,1,Medium
Sugarcane,17.1,22,15,0,Low
Cotton,22.2,72,162,0,Medium
Cotton,26.3,44,119,1,Medium
Rice,33.2,27,392,0,Medium
Maize,33.4,83,214,1,High
Barley,22.3,32,226,1,Medium
Groundnut,39.6,53,364,0,Medium
Pulses,34.8,63,372,0,Medium
Sugarcane,20.8,62,257,1,Medium
Maize,19.4,35,125,1,Medium
Cotton,20.5,51,94,0,Low
Sugarcane,38.9,84,399,0,Medium
Sugarcane,24.6,65,263,1,Medium
Wheat,32.1,33,95,1,Medium
Soybean,17.1,87,350,1,High
Mustard,29.8,78,37,1,Medium
Cotton,40.9,70,390,0,Medium
Groundnut,44.6,47,397,0,Medium
Sunflower,27.9,67,48,0,Medium
Groundnut,19.6,46,208,0,Medium
Pulses,19.5,48,60,0,Low
Soybean,40.8,37,276,1,Medium
Wheat,29.2,78,339,1,High
Cotton,24.9,38,95,0,Low
Millet,21.1,21,106,1,Medium
Mustard,21.0,50,72,0,Low
Cotton,40.3,92,272,1,High
Millet,32.6,72,242,0,Medium
Barley,43.3,88,300,1,High
Maize,30.8,84,278,1,High
Pulses,27.3,75,230,0,Medium
Sugarcane,44.5,62,244,0,Medium
Cotton,29.4,22,297,1,Medium
Pulses,18.5,46,249,0,Medium
Groundnut,41.2,91,162,0,Medium
Cotton,32.2,85,193,0,Medium
Cotton,42.5,49,102,0,Low
Sunflower,38.6,62,185,1,Medium
Millet,31.4,35,106,1,Medium
Cotton,18.6,85,135,0,Medium
Mustard,25.4,59,136,0,Low
Mustard,32.3,82,45,1,Medium
Jute,27.5,67,83,1,Medium
Sunflower,34.7,33,162,1,Medium
Barley,42.6,58,41,0,Low
Cotton,28.6,36,104,0,Low
Millet,24.8,39,154,1,Medium
Millet,44.2,37,176,0,Medium
Millet,24.1,42,382,0,Medium
Soybean,21.9,45,177,1,Medium
Sugarcane,15.3,68,208,0,Medium
Sugarcane,41.9,82,341,1,High
Mustard,40.0,47,76,0,Low
Rice,24.6,95,252,1,High
Pulses,18.7,94,200,0,Medium
Pulses,19.0,72,9,1,Medium
Barley,25.5,44,293,1,Medium
Pulses,40.5,49,293,0,Medium
Groundnut,23.5,59,243,1,Medium
Sunflower,24.9,75,382,1,Medium
Mustard,29.2,48,299,1,Medium
Rice,23.4,58,363,1,Medium
Cotton,40.2,40,202,0,Medium
Pulses,30.3,76,372,1,High
Millet,35.8,95,266,1,High
Mustard,39.6,86,19,0,Medium
Pulses,37.6,67,96,0,Medium
Sugarcane,21.4,48,159,0,Medium
Soybean,43.4,67,147,0,Medium
Jute,34.0,79,287,0,Medium
Millet,42.2,21,268,0,Medium
Barley,23.3,69,208,0,Medium
Millet,44.0,76,350,0,Medium
Mustard,22.8,20,252,1,Medium
Sugarcane,15.1,28,228,1,Medium
Sunflower,22.7,87,353,0,Medium
Wheat,19.9,26,6,1,Medium
Pulses,39.7,41,340,1,Medium
Barley,42.4,31,376,0,Medium
Millet,31.8,24,176,1,Medium
Barley,44.8,48,101,1,Medium
Rice,44.9,37,275,1,Medium
Jute,39.1,37,205,1,Medium
Rice,44.8,85,209,1,High
Barley,38.2,89,24,0,Medium
Barley,16.5,21,261,0,Medium
Cotton,23.2,47,12,1,Medium
Maize,34.7,41,276,1,Medium
Rice,18.8,84,13,0,Medium
Sunflower,33.1,71,119,1,Medium
Barley,17.4,95,176,1,Medium
Sunflower,20.9,24,282,1,Medium
Barley,19.6,86,9,0,Medium
Barley,23.5,36,281,0,Medium
Rice,24.3,70,350,0,Medium
Cotton,32.7,35,130,0,Low
Groundnut,27.5,82,364,1,High
Maize,22.1,52,195,1,Medium
Sunflower,33.7,73,209,1,Medium
Sugarcane,41.7,79,344,0,Medium
Groundnut,32.0,43,320,0,Medium
Sugarcane,28.7,48,36,0,Low
Jute,21.3,62,375,0,Medium
Soybean,22.9,41,35,0,Low
Sunflower,36.7,46,362,0,Medium
Millet,35.9,74,38,1,Medium
Mustard,34.0,53,118,1,Medium
Groundnut,40.1,72,119,0,Medium
Pulses,39.4,20,263,1,Medium
Rice,21.5,57,351,0,Medium
Sugarcane,18.3,92,385,1,High
Millet,28.7,59,133,0,Low
Sugarcane,37.0,47,180,0,Medium
Jute,34.3,38,319,0,Medium
Groundnut,30.0,65,100,0,Medium
Barley,38.8,76,388,0,Medium
Jute,25.8,26,15,1,Medium
Sunflower,19.5,69,262,1,Medium
Maize,35.0,88,176,1,Medium
Pulses,33.4,80,362,1,High
Rice,41.1,20,224,0,Medium
Cotton,26.7,78,41,1,Medium
Wheat,35.6,43,231,0,Medium
Cotton,19.4,70,273,0,Medium
Sugarcane,36.0,71,111,0,Medium
Barley,41.9,27,288,1,Medium
Millet,32.5,29,63,0,Low
Maize,31.3,87,28,1,Medium
Barley,27.5,57,13,0,Low
Soybean,31.1,43,298,0,Medium
Sugarcane,17.0,47,165,1,Medium
Sunflower,44.1,22,249,0,Medium
Jute,43.1,66,310,0,Medium
Cotton,30.8,87,311,0,Medium
Wheat,36.8,25,247,1,Medium
Sunflower,30.3,67,107,0,Medium
Mustard,23.1,72,175,0,Medium
Rice,32.4,27,205,1,Medium
Sugarcane,36.0,72,222,1,Medium
Groundnut,40.6,60,6,0,Low
Jute,26.9,95,4,1,Medium
Rice,17.3,88,336,1,High
Rice,25.6,20,198,0,Medium
Jute,30.7,45,72,0,Low
Sugarcane,44.4,83,138,1,Medium
Soybean,34.1,53,139,0,Low
Barley,32.5,73,86,1,Medium
Pulses,26.6,41,222,0,Medium
Sugarcane,24.8,49,171,0,Medium
Sunflower,36.2,30,317,1,Medium
Cotton,38.6,48,73,1,Medium
Maize,37.1,58,120,0,Low
Soybean,41.3,84,345,1,High
Rice,23.0,41,396,0,Medium
Wheat,19.2,37,152,0,Medium
Millet,28.7,52,393,1,Medium
Pulses,26.6,55,165,0,Medium
Cotton,29.3,43,305,0,Medium
Sunflower,15.2,37,232,0,Medium
Barley,31.6,26,74,0,Low
Mustard,38.7,76,35,0,Medium
Soybean,16.4,64,161,0,Medium
Mustard,39.9,34,296,1,Medium
Sunflower,29.7,81,171,0,Medium
Cotton,18.8,56,6,0,Low
Groundnut,23.7,53,355,0,Medium
Maize,44.7,78,363,1,High
Soybean,18.0,75,67,1,Medium
Sugarcane,25.0,80,386,1,High
Pulses,39.3,48,156,1,Medium
Maize,38.0,30,315,0,Medium
Soybean,18.5,88,258,1,High
Sugarcane,32.5,34,21,1,Medium
Barley,42.4,20,77,1,Medium
Soybean,18.8,95,51,1,Medium
Sugarcane,21.5,38,20,0,Low
Soybean,33.4,33,141,0,Low
Maize,30.2,31,370,1,Medium
Jute,16.9,20,392,0,Medium
Rice,37.1,84,127,0,Medium
Rice,39.1,74,211,1,Medium
Groundnut,25.1,67,150,0,Medium
Jute,36.5,44,36,1,Medium
Jute,24.9,32,294,1,Medium
Pulses,29.5,76,101,0,Medium
Cotton,25.4,23,355,0,Medium
Groundnut,27.2,55,224,1,Medium
Maize,18.5,77,308,0,Medium
Millet,28.7,36,171,1,Medium
Soybean,40.5,49,70,1,Medium
Millet,16.9,78,388,1,High
Barley,23.2,26,22,0,Low
Maize,44.3,44,337,0,Medium
Soybean,19.1,64,239,0,Medium
Millet,36.7,59,13,0,Low
Wheat,44.3,58,33,1,Medium
Wheat,39.9,23,121,0,Low
Mustard,39.1,33,88,0,Low
Millet,36.9,42,97,0,Low
Maize,34.8,44,84,1,Medium
Rice,15.3,27,351,1,Medium
Millet,18.0,86,378,1,High
Groundnut,41.7,76,57,1,Medium
Cotton,25.2,65,395,0,Medium
Cotton,27.9,21,345,1,Medium
Cotton,24.3,58,354,0,Medium
Barley,20.4,42,38,0,Low
Cotton,39.0,78,110,1,Medium
Sunflower,37.0,29,215,0,Medium
Groundnut,20.1,61,254,0,Medium
Pulses,38.6,38,269,0,Medium
Pulses,21.1,58,397,0,Medium
Mustard,30.3,21,54,1,Medium
Cotton,35.4,83,102,1,Medium
Rice,15.4,28,159,0,Medium
Sugarcane,27.8,30,330,1,Medium
Wheat,30.5,76,152,1,Medium
Cotton,37.6,67,369,0,Medium
Barley,25.5,48,56,1,Medium
Millet,29.5,63,188,1,Medium
Millet,31.6,87,165,1,Medium
Sunflower,30.6,26,226,1,Medium
Cotton,25.6,63,114,1,Medium
Pulses,39.9,93,22,1,Medium
Groundnut,20.5,37,197,1,Medium
Wheat,39.9,78,122,1,Medium
Sunflower,22.7,46,165,1,Medium
Sunflower,44.9,89,386,0,Medium
Wheat,25.9,59,157,0,Medium
Mustard,33.5,38,285,0,Medium
Millet,36.0,65,366,1,Medium
Cotton,33.3,59,68,0,Low
Sunflower,20.4,60,102,1,Medium
Sugarcane,25.3,39,92,1,Medium
Sunflower,24.9,82,145,1,Medium
Cotton,38.6,33,389,1,Medium
Sunflower,28.0,89,230,0,Medium
Pulses,36.4,82,117,0,Medium
Wheat,43.0,27,311,1,Medium
Wheat,25.7,68,184,0,Medium
Cotton,19.5,55,260,0,Medium
Mustard,15.1,49,372,0,Medium
Jute,39.4,51,370,0,Medium
Rice,29.1,26,210,0,Medium
Wheat,37.2,24,37,1,Medium
Jute,34.4,43,302,1,Medium
Millet,26.1,58,344,0,Medium
Soybean,21.9,49,370,1,Medium
Cotton,30.1,63,101,0,Medium
Groundnut,30.2,91,14,0,Medium
Rice,26.9,66,122,1,Medium
Groundnut,29.6,76,265,1,High
Maize,44.8,62,175,1,Medium
Millet,39.0,52,214,0,Medium
Groundnut,31.7,35,244,1,Medium
Sugarcane,33.3,81,350,1,High
Cotton,41.3,88,50,0,Medium
Sunflower,32.7,85,198,1,Medium
Pulses,27.8,32,124,1,Medium
Maize,32.8,78,322,0,Medium
Soybean,28.4,57,297,0,Medium
Cotton,44.6,92,299,0,Medium
Millet,28.9,54,284,1,Medium
Pulses,20.9,44,381,0,Medium
Pulses,30.1,27,205,0,Medium
Sunflower,25.7,81,198,1,Medium
Rice,26.6,27,188,1,Medium
Rice,18.0,75,335,0,Medium
Wheat,16.9,67,200,1,Medium
Cotton,39.0,45,283,1,Medium
Sugarcane,43.1,44,251,0,Medium
Soybean,15.8,86,276,1,High
Millet,43.8,54,231,0,Medium
Mustard,32.3,82,212,1,High
Pulses,43.0,59,182,1,Medium
Groundnut,41.4,26,365,0,Medium
Mustard,15.1,40,132,0,Low
Groundnut,27.4,86,102,1,Medium
Millet,25.7,45,307,0,Medium
Sunflower,34.8,22,104,0,Low
Soybean,38.0,66,116,0,Medium
Millet,35.8,84,41,1,Medium
Millet,30.3,91,137,0,Medium
Wheat,30.5,69,94,0,Medium
Groundnut,37.2,89,207,1,High
Wheat,30.8,86,126,0,Medium
Sugarcane,38.2,87,215,1,High
Barley,24.3,57,275,1,Medium
Mustard,37.7,94,274,0,Medium
Cotton,42.0,56,249,1,Medium
Jute,28.3,24,183,1,Medium
Rice,17.3,24,290,1,Medium
Mustard,42.1,32,37,1,Medium
Rice,19.5,20,260,0,Medium
Sugarcane,23.2,82,34,1,Medium
Sugarcane,16.4,75,173,1,Medium
Maize,43.4,40,219,0,Medium
Pulses,21.3,45,292,1,Medium
Groundnut,30.5,87,167,0,Medium
Maize,24.5,59,276,0,Medium
Jute,40.0,92,325,1,High
Barley,36.9,84,179,1,Medium
Groundnut,30.5,57,292,1,Medium
Sunflower,33.2,27,278,0,Medium
Soybean,31.2,51,182,1,Medium
Mustard,26.0,22,323,1,Medium
Millet,17.0,90,69,1,Medium
Mustard,23.0,61,19,0,Medium
Soybean,16.5,49,252,0,Medium
Wheat,30.3,30,55,1,Medium
Pulses,20.0,23,199,0,Medium
Sugarcane,19.3,74,185,1,Medium
Groundnut,44.7,57,243,1,Medium
Maize,33.1,39,215,0,Medium
Sunflower,17.9,24,109,0,Low
Cotton,25.6,69,288,0,Medium
Pulses,26.8,25,215,1,Medium
Sunflower,38.5,27,387,1,Medium
Cotton,42.3,44,399,0,Medium
Sunflower,40.2,21,115,0,Low
Sunflower,33.5,51,172,1,Medium
Groundnut,40.7,90,329,0,Medium
Maize,39.4,48,133,1,Medium
Cotton,17.1,30,176,1,Medium
Mustard,26.3,43,370,0,Medium
Sugarcane,19.3,89,221,0,Medium
Sunflower,36.5,74,134,0,Medium
Sugarcane,27.5,90,77,1,Medium
Mustard,26.5,31,231,0,Medium
Barley,26.3,57,380,0,Medium
Sugarcane,37.3,51,367,1,Medium
Groundnut,20.9,68,313,1,Medium
Barley,44.1,83,47,0,Medium
Wheat,19.6,33,78,0,Low
Maize,24.5,92,107,1,Medium
Cotton,20.7,27,125,0,Low
Mustard,22.4,39,389,0,Medium
Maize,38.3,38,394,1,Medium
Soybean,17.1,94,114,1,Medium
Jute,39.9,33,272,1,Medium
Wheat,43.7,92,104,0,Medium
Pulses,17.7,73,136,1,Medium
Soybean,18.6,29,204,0,Medium
Sunflower,40.0,81,187,1,Medium
Jute,19.6,50,169,1,Medium
Sugarcane,23.2,70,339,0,Medium
Sugarcane,24.8,49,72,1,Medium
Mustard,27.3,27,7,0,Low
Mustard,33.6,76,116,0,Medium
Rice,36.7,53,352,0,Medium
Mustard,15.1,85,307,1,High
Barley,15.7,57,285,0,Medium
Pulses,34.2,75,275,0,Medium
Wheat,25.1,26,276,1,Medium
Barley,24.8,95,72,1,Medium
Barley,39.7,37,229,1,Medium
Mustard,18.3,45,64,1,Medium
Pulses,32.6,32,67,1,Medium
Millet,28.2,75,114,0,Medium
Groundnut,30.8,85,326,0,Medium
Wheat,27.7,61,399,1,Medium
Jute,25.6,28,130,0,Low
Sugarcane,20.0,75,333,1,Medium
Millet,19.0,79,377,1,High
Maize,33.2,38,331,0,Medium
Millet,38.2,67,88,1,Medium
Pulses,21.7,95,281,0,Medium
Groundnut,33.6,68,161,0,Medium
Rice,39.1,73,202,1,Medium
Barley,42.2,68,74,1,Medium
Mustard,32.8,43,99,0,Low
Groundnut,27.0,23,49,1,Medium
Mustard,44.8,68,264,0,Medium
Pulses,29.0,75,196,0,Medium
Jute,39.1,20,349,0,Medium
Sugarcane,42.6,55,374,1,Medium
Cotton,27.1,40,205,0,Medium
Millet,23.3,44,213,1,Medium
Pulses,22.0,27,99,1,Medium
Groundnut,43.3,47,317,0,Medium
Maize,29.5,26,88,0,Low
Cotton,42.3,55,29,1,Medium
Wheat,30.5,34,353,0,Medium
Barley,39.4,88,193,1,Medium
Millet,29.2,24,382,1,Medium
Sunflower,18.0,76,214,0,Medium
Groundnut,20.2,32,36,0,Low
Groundnut,37.1,26,65,1,Medium
Rice,18.0,73,75,0,Medium
Millet,23.1,58,316,1,Medium
Rice,36.9,72,274,1,Medium
Millet,38.6,91,122,1,Medium
Mustard,26.5,56,231,1,Medium
Sugarcane,32.8,81,165,0,Medium
Maize,17.8,61,341,1,Medium
Jute,39.6,32,376,0,Medium
Rice,30.0,89,330,1,High
Sunflower,26.0,84,110,0,Medium
Mustard,33.2,88,378,0,Medium
Sunflower,26.2,27,358,0,Medium
Sugarcane,44.0,72,97,0,Medium
Mustard,37.6,34,370,1,Medium
Barley,40.6,79,69,0,Medium
Mustard,32.4,67,252,0,Medium
Sunflower,42.3,23,396,1,Medium
Soybean,41.9,81,91,1,Medium
Sunflower,32.3,92,356,0,Medium
Jute,43.8,94,86,1,Medium
Maize,38.8,70,4,0,Medium
Cotton,26.5,35,86,0,Low
Millet,26.1,57,351,1,Medium
Groundnut,22.2,54,223,1,Medium
Barley,29.5,69,361,0,Medium
Barley,21.9,26,342,0,Medium
Mustard,17.9,44,191,0,Medium
Sugarcane,38.6,88,230,0,Medium
Sugarcane,29.7,61,25,1,Medium
Barley,36.1,75,381,1,Medium
Jute,20.3,87,235,0,Medium
Soybean,36.2,59,378,1,Medium
Barley,21.5,66,285,0,Medium
Sugarcane,20.7,70,123,0,Medium
Pulses,29.6,65,187,0,Medium
Pulses,26.3,64,11,0,Medium
Pulses,41.6,49,236,0,Medium
Jute,29.6,22,69,0,Low
Millet,42.1,69,314,0,Medium
Soybean,17.0,75,366,0,Medium
Millet,27.0,24,371,0,Medium
Mustard,31.3,36,59,0,Low
Mustard,44.3,89,264,1,High
Sunflower,24.0,43,221,0,Medium
Groundnut,20.1,70,104,0,Medium
Soybean,35.4,66,260,1,Medium
Groundnut,37.4,62,286,0,Medium
Pulses,24.0,67,210,0,Medium
Mustard,22.9,92,222,1,High
Maize,43.7,54,173,1,Medium
Jute,35.6,27,146,1,Medium
Maize,24.3,25,64,0,Low
Rice,21.3,51,397,1,Medium
Jute,29.1,89,219,1,High
Soybean,30.5,53,135,0,Low
Groundnut,42.0,60,286,1,Medium
Pulses,26.7,63,230,1,Medium
Groundnut,19.1,93,288,1,High
Rice,23.9,71,255,1,Medium
Mustard,15.7,62,86,0,Medium
Sunflower,19.1,93,51,0,Medium
Soybean,17.7,37,67,1,Medium
Sunflower,23.7,70,219,1,Medium
Millet,31.2,69,63,1,Medium
Pulses,39.5,74,387,1,Medium
Barley,15.9,45,114,0,Low
Pulses,26.2,83,58,1,Medium
Jute,19.1,49,292,0,Medium
Soybean,19.0,68,276,0,Medium
Barley,20.0,23,228,1,Medium
Groundnut,37.1,20,195,1,Medium
Jute,23.4,69,241,0,Medium
Wheat,20.0,83,384,1,High
Millet,23.1,81,215,0,Medium
Jute,31.6,58,247,1,Medium
Rice,18.6,55,208,1,Medium
Barley,31.4,29,349,0,Medium
Sugarcane,25.2,27,138,1,Medium
Groundnut,15.5,69,183,0,Medium
Soybean,33.8,91,105,1,Medium
Mustard,17.9,65,276,0,Medium
Rice,32.7,51,205,1,Medium
Mustard,22.9,50,214,1,Medium
Maize,19.2,84,56,0,Medium
Mustard,44.1,73,139,1,Medium
Barley,21.1,65,281,1,Medium
Wheat,32.4,46,371,0,Medium
Millet,36.7,32,6,0,Low
Cotton,41.6,72,52,1,Medium
Jute,36.7,54,177,1,Medium
Millet,24.5,23,393,0,Medium
Rice,35.2,25,155,0,Medium
Barley,20.2,48,125,1,Medium
Barley,31.9,76,91,0,Medium
Pulses,33.0,70,58,1,Medium
Groundnut,41.9,86,400,0,Medium
Pulses,15.3,71,63,0,Medium
Groundnut,23.5,61,26,0,Medium
Soybean,17.5,84,375,1,High
Cotton,31.5,62,183,0,Medium
Cotton,24.6,44,260,0,Medium
Sugarcane,27.8,40,207,0,Medium
Millet,27.6,61,272,0,Medium
Barley,36.3,80,158,1,Medium
Cotton,32.9,44,397,0,Medium
Sunflower,36.2,50,357,0,Medium
Barley,45.0,25,223,1,Medium
Maize,39.7,35,377,0,Medium
Wheat,33.7,46,101,0,Low
Wheat,37.8,26,244,0,Medium
Pulses,43.4,51,342,0,Medium
Barley,35.3,79,278,1,High
Mustard,26.0,42,322,1,Medium
Maize,34.5,21,265,0,Medium
Pulses,32.0,61,74,0,Medium
Sugarcane,35.0,64,76,1,Medium
Sugarcane,39.1,89,252,0,Medium
Rice,21.4,29,359,0,Medium
Sunflower,40.7,38,107,1,Medium
Groundnut,20.4,26,23,1,Medium
Soybean,43.3,80,391,1,High
Pulses,18.1,83,179,0,Medium
Pulses,32.3,27,333,1,Medium
Soybean,37.1,20,393,0,Medium
Barley,30.4,45,278,1,Medium
